;
Bac dégraisseur;Bac dégraisseur
Bac dégraisseur rond;Bac dégraisseur rond
Bac dégraisseur rectangulaire;Bac dégraisseur rectangulaire
Fosse septique;Fosse septique
Fosse septique ronde;Fosse septique ronde
Fosse septique ronde pas accès;Fosse septique ronde pas accès
Fosse septique ronde 1 accès;Fosse septique ronde 1 accès
Fosse Toutes Eaux;Fosse Toutes Eaux
Fosse Toutes Eaux ronde;Fosse Toutes Eaux ronde
Fosse Toutes Eaux ronde pas accès;Fosse Toutes Eaux ronde pas accès
Fosse Toutes Eaux ronde 1 accès;Fosse Toutes Eaux ronde 1 accès
Fosse Toutes Eaux ronde accès vidange;Fosse Toutes Eaux ronde accès vidange
Fosse Toutes Eaux ronde accès préfiltre;Fosse Toutes Eaux ronde accès préfiltre
Fosse Toutes Eaux ronde 2 accès;Fosse Toutes Eaux ronde 2 accès
Fosse Toutes Eaux;Fosse Toutes Eaux
Fosse Toutes Eaux rectangulaire;Fosse Toutes Eaux rectangulaire
Fosse Toutes Eaux rectangulaire pas accès;Fosse Toutes Eaux rectangulaire pas accès
Fosse Toutes Eaux rectangulaire accès vidange;Fosse Toutes Eaux rectangulaire accès vidange
Fosse Toutes Eaux rectangulaire accès préfiltre;Fosse Toutes Eaux rectangulaire accès préfiltre
Fosse Toutes Eaux rectangulaire 2 accès;Fosse Toutes Eaux rectangulaire 2 accès
Préfiltre à pouzzolane rond;Préfiltre à pouzzolane rond
Filtre bactérien;Filtre bactérien
Filtre bactérien rond;Filtre bactérien rond
Filtre bactérien rectangulaire;Filtre bactérien rectangulaire
Filtre à cheminement lent;Filtre à cheminement lent
épurateur rond;épurateur rond
épurateur rectangulaire;épurateur rectangulaire
Inconnu;Inconnu
Inconnu rond;Inconnu rond
Inconnu rectangulaire;Inconnu rectangulaire
Inconnu oblong;Inconnu oblong
